-- テスト用シードデータ

-- テストユーザーの作成
INSERT INTO users (id, name, gender, birthday, profile_image_url, bio) VALUES
('660e8400-e29b-41d4-a716-446655440001', '山田太郎', 'male', '1995-03-15', null, '水泳歴10年のベテラン選手'),
('660e8400-e29b-41d4-a716-446655440002', '佐藤花子', 'female', '1998-07-22', null, '自由形専門の選手'),
('660e8400-e29b-41d4-a716-446655440003', '田中次郎', 'male', '2000-11-08', null, '背泳ぎが得意'),
('660e8400-e29b-41d4-a716-446655440004', '鈴木美咲', 'female', '1997-05-30', null, 'バタフライの新星');

-- テスト大会の作成
INSERT INTO competitions (id, title, date, place, note) VALUES
('770e8400-e29b-41d4-a716-446655440001', '春季水泳大会', '2024-04-15', '東京プール', '年1回の公式大会'),
('770e8400-e29b-41d4-a716-446655440002', '夏季記録会', '2024-08-20', '横浜水泳場', '記録更新を目指す大会'),
('770e8400-e29b-41d4-a716-446655440003', '秋季タイムトライアル', '2024-10-10', '大阪プール', '練習成果の確認');

-- テスト記録の作成
INSERT INTO records (id, user_id, competition_id, style_id, time, video_url, note) VALUES
('880e8400-e29b-41d4-a716-446655440001', '660e8400-e29b-41d4-a716-446655440001', '770e8400-e29b-41d4-a716-446655440001', 2, 52.34, null, '自己ベスト更新！'),
('880e8400-e29b-41d4-a716-446655440002', '660e8400-e29b-41d4-a716-446655440002', '770e8400-e29b-41d4-a716-446655440001', 1, 25.67, null, '初の公式記録'),
('880e8400-e29b-41d4-a716-446655440003', '660e8400-e29b-41d4-a716-446655440003', '770e8400-e29b-41d4-a716-446655440002', 9, 28.45, null, '背泳ぎで好記録'),
('880e8400-e29b-41d4-a716-446655440004', '660e8400-e29b-41d4-a716-446655440004', '770e8400-e29b-41d4-a716-446655440002', 12, 26.78, null, 'バタフライで新記録'),
('880e8400-e29b-41d4-a716-446655440005', '660e8400-e29b-41d4-a716-446655440001', '770e8400-e29b-41d4-a716-446655440003', 3, 115.23, null, '200m自由形の練習記録');

-- テストスプリットタイムの作成
INSERT INTO split_times (id, record_id, distance, split_time) VALUES
('990e8400-e29b-41d4-a716-446655440001', '880e8400-e29b-41d4-a716-446655440001', 25, 25.12),
('990e8400-e29b-41d4-a716-446655440002', '880e8400-e29b-41d4-a716-446655440001', 50, 27.22),
('990e8400-e29b-41d4-a716-446655440003', '880e8400-e29b-41d4-a716-446655440005', 50, 28.45),
('990e8400-e29b-41d4-a716-446655440004', '880e8400-e29b-41d4-a716-446655440005', 100, 29.12),
('990e8400-e29b-41d4-a716-446655440005', '880e8400-e29b-41d4-a716-446655440005', 150, 28.89),
('990e8400-e29b-41d4-a716-446655440006', '880e8400-e29b-41d4-a716-446655440005', 200, 28.77);

-- テスト練習ログの作成
INSERT INTO practice_logs (id, user_id, date, tags, style, rep_count, set_count, distance, circle, note) VALUES
('aa0e8400-e29b-41d4-a716-446655440001', '660e8400-e29b-41d4-a716-446655440001', '2024-04-10', '["AN2", "EN3"]', 'fr', 8, 4, 200, 2.5, 'インターバル練習'),
('aa0e8400-e29b-41d4-a716-446655440002', '660e8400-e29b-41d4-a716-446655440002', '2024-04-11', '["耐乳酸"]', 'fr', 10, 3, 100, 1.5, '乳酸耐性向上'),
('aa0e8400-e29b-41d4-a716-446655440003', '660e8400-e29b-41d4-a716-446655440003', '2024-04-12', '["ショートサークル"]', 'ba', 6, 5, 50, 1.0, '技術練習'),
('aa0e8400-e29b-41d4-a716-446655440004', '660e8400-e29b-41d4-a716-446655440004', '2024-04-13', '["長水路"]', 'fly', 4, 6, 100, 2.0, '持久力向上');

-- テスト練習タイムの作成
INSERT INTO practice_times (id, practice_log_id, rep_number, set_number, time) VALUES
('bb0e8400-e29b-41d4-a716-446655440001', 'aa0e8400-e29b-41d4-a716-446655440001', 1, 1, 28.45),
('bb0e8400-e29b-41d4-a716-446655440002', 'aa0e8400-e29b-41d4-a716-446655440001', 2, 1, 28.12),
('bb0e8400-e29b-41d4-a716-446655440003', 'aa0e8400-e29b-41d4-a716-446655440001', 3, 1, 28.67),
('bb0e8400-e29b-41d4-a716-446655440004', 'aa0e8400-e29b-41d4-a716-446655440001', 4, 1, 28.34),
('bb0e8400-e29b-41d4-a716-446655440005', 'aa0e8400-e29b-41d4-a716-446655440001', 1, 2, 28.23),
('bb0e8400-e29b-41d4-a716-446655440006', 'aa0e8400-e29b-41d4-a716-446655440001', 2, 2, 28.56),
('bb0e8400-e29b-41d4-a716-446655440007', 'aa0e8400-e29b-41d4-a716-446655440002', 1, 1, 65.23),
('bb0e8400-e29b-41d4-a716-446655440008', 'aa0e8400-e29b-41d4-a716-446655440002', 2, 1, 64.89),
('bb0e8400-e29b-41d4-a716-446655440009', 'aa0e8400-e29b-41d4-a716-446655440002', 3, 1, 65.45),
('bb0e8400-e29b-41d4-a716-446655440010', 'aa0e8400-e29b-41d4-a716-446655440003', 1, 1, 32.12),
('bb0e8400-e29b-41d4-a716-446655440011', 'aa0e8400-e29b-41d4-a716-446655440003', 2, 1, 31.89),
('bb0e8400-e29b-41d4-a716-446655440012', 'aa0e8400-e29b-41d4-a716-446655440004', 1, 1, 68.45);
